snr_db,channel,deepsc_psnr,deepsc_ssim,jpeg_psnr,jpeg_ssim,bpg_psnr,bpg_ssim,samples,monte_carlo_samples,repetitions,bandwidth_estimate
-5.0,awgn,22.13012539545695,0.6453171675403913,11.43325465520223,0.11112935477867722,11.437254126866659,0.11106502044325074,24,5,120,"{'input_shape': (3, 256, 256), 'semantic_shape': (64, 64, 64), 'downsampling_factor': 4, 'input_scalars': 196608, 'semantic_symbols': 262144, 'bandwidth_ratio': 1.3333333333333333, 'compression_ratio': 0.75}"
0.0,awgn,29.77808788617452,0.9031450500090917,15.475425545374552,0.21345503659298024,15.485130763053894,0.21398761036495367,24,5,120,"{'input_shape': (3, 256, 256), 'semantic_shape': (64, 64, 64), 'downsampling_factor': 4, 'input_scalars': 196608, 'semantic_symbols': 262144, 'bandwidth_ratio': 1.3333333333333333, 'compression_ratio': 0.75}"
5.0,awgn,34.061109352111814,0.9683350359400114,20.087352784474692,0.3708313203106324,20.12317835489909,0.3727000200500091,24,5,120,"{'input_shape': (3, 256, 256), 'semantic_shape': (64, 64, 64), 'downsampling_factor': 4, 'input_scalars': 196608, 'semantic_symbols': 262144, 'bandwidth_ratio': 1.3333333333333333, 'compression_ratio': 0.75}"
10.0,awgn,36.502829265594485,0.9858444571495056,24.82727861404419,0.5654119993249576,24.944689750671387,0.5710346845289072,24,5,120,"{'input_shape': (3, 256, 256), 'semantic_shape': (64, 64, 64), 'downsampling_factor': 4, 'input_scalars': 196608, 'semantic_symbols': 262144, 'bandwidth_ratio': 1.3333333333333333, 'compression_ratio': 0.75}"
15.0,awgn,37.64860960642497,0.9910273472468059,29.392986456553142,0.7511478538314501,29.740407784779865,0.7620202923814455,24,5,120,"{'input_shape': (3, 256, 256), 'semantic_shape': (64, 64, 64), 'downsampling_factor': 4, 'input_scalars': 196608, 'semantic_symbols': 262144, 'bandwidth_ratio': 1.3333333333333333, 'compression_ratio': 0.75}"
20.0,awgn,38.096580791473386,0.9926266928513845,33.34601748784383,0.8768666416406632,34.258149242401124,0.8924627234538396,24,5,120,"{'input_shape': (3, 256, 256), 'semantic_shape': (64, 64, 64), 'downsampling_factor': 4, 'input_scalars': 196608, 'semantic_symbols': 262144, 'bandwidth_ratio': 1.3333333333333333, 'compression_ratio': 0.75}"
