snr_db,channel,deepsc_psnr,deepsc_ssim,jpeg_psnr,jpeg_ssim,bpg_psnr,bpg_ssim,samples,monte_carlo_samples,repetitions,bandwidth_estimate
-5.0,awgn,18.19314486980438,0.4494019317130248,11.430678105354309,0.11053118143851558,11.435768628120423,0.11100235367193818,24,5,120,"{'input_shape': (3, 256, 256), 'semantic_shape': (16, 64, 64), 'downsampling_factor': 4, 'input_scalars': 196608, 'semantic_symbols': 65536, 'bandwidth_ratio': 0.3333333333333333, 'compression_ratio': 3.0}"
0.0,awgn,24.357147963841758,0.7152217889825503,15.471317505836486,0.2128177285194397,15.488019259770711,0.21402288395911456,24,5,120,"{'input_shape': (3, 256, 256), 'semantic_shape': (16, 64, 64), 'downsampling_factor': 4, 'input_scalars': 196608, 'semantic_symbols': 65536, 'bandwidth_ratio': 0.3333333333333333, 'compression_ratio': 3.0}"
5.0,awgn,29.34196071624756,0.8952806363503139,20.07951545715332,0.3699557088315487,20.125096988677978,0.3728433780372143,24,5,120,"{'input_shape': (3, 256, 256), 'semantic_shape': (16, 64, 64), 'downsampling_factor': 4, 'input_scalars': 196608, 'semantic_symbols': 65536, 'bandwidth_ratio': 0.3333333333333333, 'compression_ratio': 3.0}"
10.0,awgn,32.316155449549356,0.950377323726813,24.809247716267905,0.564920158435901,24.94278140068054,0.5708795038362344,24,5,120,"{'input_shape': (3, 256, 256), 'semantic_shape': (16, 64, 64), 'downsampling_factor': 4, 'input_scalars': 196608, 'semantic_symbols': 65536, 'bandwidth_ratio': 0.3333333333333333, 'compression_ratio': 3.0}"
15.0,awgn,33.666688696543375,0.9648235609134038,29.346589469909667,0.7514210805296898,29.739550876617432,0.7619976962606112,24,5,120,"{'input_shape': (3, 256, 256), 'semantic_shape': (16, 64, 64), 'downsampling_factor': 4, 'input_scalars': 196608, 'semantic_symbols': 65536, 'bandwidth_ratio': 0.3333333333333333, 'compression_ratio': 3.0}"
20.0,awgn,34.17822392781576,0.9689899538954099,33.24028072357178,0.8781463945905368,34.258891900380455,0.8924713830153147,24,5,120,"{'input_shape': (3, 256, 256), 'semantic_shape': (16, 64, 64), 'downsampling_factor': 4, 'input_scalars': 196608, 'semantic_symbols': 65536, 'bandwidth_ratio': 0.3333333333333333, 'compression_ratio': 3.0}"
