snr_db,channel,deepsc_psnr,deepsc_ssim,jpeg_psnr,jpeg_ssim,bpg_psnr,bpg_ssim,samples,monte_carlo_samples,repetitions,bandwidth_estimate
-5.0,awgn,19.151343536376952,0.4968096780280272,11.430172403653463,0.11061325430249175,11.43857307434082,0.11109457919374108,24,5,120,"{'input_shape': (3, 256, 256), 'semantic_shape': (32, 64, 64), 'downsampling_factor': 4, 'input_scalars': 196608, 'semantic_symbols': 131072, 'bandwidth_ratio': 0.6666666666666666, 'compression_ratio': 1.5}"
0.0,awgn,27.048495944341024,0.819662935535113,15.468802054723104,0.21269010448207457,15.488833610216776,0.21409728601574898,24,5,120,"{'input_shape': (3, 256, 256), 'semantic_shape': (32, 64, 64), 'downsampling_factor': 4, 'input_scalars': 196608, 'semantic_symbols': 131072, 'bandwidth_ratio': 0.6666666666666666, 'compression_ratio': 1.5}"
5.0,awgn,32.20456493695577,0.9437056655685107,20.079232740402222,0.3699463468044996,20.122772630055746,0.37264243910710015,24,5,120,"{'input_shape': (3, 256, 256), 'semantic_shape': (32, 64, 64), 'downsampling_factor': 4, 'input_scalars': 196608, 'semantic_symbols': 131072, 'bandwidth_ratio': 0.6666666666666666, 'compression_ratio': 1.5}"
10.0,awgn,35.22927420934041,0.9764628166953723,24.807515891393027,0.5648241316278776,24.94434700012207,0.5709889811774095,24,5,120,"{'input_shape': (3, 256, 256), 'semantic_shape': (32, 64, 64), 'downsampling_factor': 4, 'input_scalars': 196608, 'semantic_symbols': 131072, 'bandwidth_ratio': 0.6666666666666666, 'compression_ratio': 1.5}"
15.0,awgn,36.769082387288414,0.9856432139873504,29.347319825490317,0.7513992677132288,29.73732089996338,0.7619815429051717,24,5,120,"{'input_shape': (3, 256, 256), 'semantic_shape': (32, 64, 64), 'downsampling_factor': 4, 'input_scalars': 196608, 'semantic_symbols': 131072, 'bandwidth_ratio': 0.6666666666666666, 'compression_ratio': 1.5}"
20.0,awgn,37.39819513956706,0.9884050453702609,33.239907344182335,0.8781006420652072,34.26068166097005,0.8925040334463119,24,5,120,"{'input_shape': (3, 256, 256), 'semantic_shape': (32, 64, 64), 'downsampling_factor': 4, 'input_scalars': 196608, 'semantic_symbols': 131072, 'bandwidth_ratio': 0.6666666666666666, 'compression_ratio': 1.5}"
