epoch,train_loss,psnr,ssim,batches
1,0.01608519114987434,27.4288330078125,0.9635335803031921,782
2,0.00820538530762181,28.587581634521484,0.9689602851867676,782
