snr_db,channel,deepsc_psnr,deepsc_ssim,jpeg_psnr,jpeg_ssim,bpg_psnr,bpg_ssim,samples,monte_carlo_samples,repetitions,bandwidth_estimate
-5.0,rayleigh,18.58682565689087,0.47012915288408597,11.962736483414968,0.15278080590069293,11.662793322404225,0.1456848608950774,24,5,120,"{'input_shape': (3, 256, 256), 'semantic_shape': (32, 64, 64), 'downsampling_factor': 4, 'input_scalars': 196608, 'semantic_symbols': 131072, 'bandwidth_ratio': 0.6666666666666666, 'compression_ratio': 1.5}"
0.0,rayleigh,26.85286299387614,0.8153303374846776,14.329627100626627,0.26790241425236067,14.030107374986013,0.2640153570721547,24,5,120,"{'input_shape': (3, 256, 256), 'semantic_shape': (32, 64, 64), 'downsampling_factor': 4, 'input_scalars': 196608, 'semantic_symbols': 131072, 'bandwidth_ratio': 0.6666666666666666, 'compression_ratio': 1.5}"
5.0,rayleigh,32.233252652486165,0.9435263906915983,16.049129164218904,0.4155051037669182,15.417043324311575,0.4007480453699827,24,5,120,"{'input_shape': (3, 256, 256), 'semantic_shape': (32, 64, 64), 'downsampling_factor': 4, 'input_scalars': 196608, 'semantic_symbols': 131072, 'bandwidth_ratio': 0.6666666666666666, 'compression_ratio': 1.5}"
10.0,rayleigh,35.28725887934367,0.9759620303908983,16.847388823827107,0.56278802677989,16.604519565900166,0.5557396084691087,24,5,120,"{'input_shape': (3, 256, 256), 'semantic_shape': (32, 64, 64), 'downsampling_factor': 4, 'input_scalars': 196608, 'semantic_symbols': 131072, 'bandwidth_ratio': 0.6666666666666666, 'compression_ratio': 1.5}"
15.0,rayleigh,36.777667649586995,0.9848918174703916,18.125868539015453,0.6761408735066652,16.921535861492156,0.6719422387580077,24,5,120,"{'input_shape': (3, 256, 256), 'semantic_shape': (32, 64, 64), 'downsampling_factor': 4, 'input_scalars': 196608, 'semantic_symbols': 131072, 'bandwidth_ratio': 0.6666666666666666, 'compression_ratio': 1.5}"
20.0,rayleigh,37.3822078704834,0.9875853608051935,18.118327275911966,0.732232832411925,17.72857892115911,0.7198032021522522,24,5,120,"{'input_shape': (3, 256, 256), 'semantic_shape': (32, 64, 64), 'downsampling_factor': 4, 'input_scalars': 196608, 'semantic_symbols': 131072, 'bandwidth_ratio': 0.6666666666666666, 'compression_ratio': 1.5}"
