snr_db,channel,deepsc_psnr,deepsc_ssim,jpeg_psnr,jpeg_ssim,bpg_psnr,bpg_ssim,samples,monte_carlo_samples,repetitions,bandwidth_estimate
-5.0,rayleigh,18.406447426478067,0.4526993287106355,12.277991898854573,0.14923699678232272,11.886576604843139,0.1476678521372378,24,5,120,"{'input_shape': (3, 256, 256), 'semantic_shape': (16, 64, 64), 'downsampling_factor': 4, 'input_scalars': 196608, 'semantic_symbols': 65536, 'bandwidth_ratio': 0.3333333333333333, 'compression_ratio': 3.0}"
0.0,rayleigh,24.688039048512778,0.7236790657043457,13.472383594512939,0.26184958467880887,13.878723561763763,0.2603998296583692,24,5,120,"{'input_shape': (3, 256, 256), 'semantic_shape': (16, 64, 64), 'downsampling_factor': 4, 'input_scalars': 196608, 'semantic_symbols': 65536, 'bandwidth_ratio': 0.3333333333333333, 'compression_ratio': 3.0}"
5.0,rayleigh,29.561961094538372,0.8983897805213928,16.26814374526342,0.4185113377869129,15.634591698646545,0.3994744546711445,24,5,120,"{'input_shape': (3, 256, 256), 'semantic_shape': (16, 64, 64), 'downsampling_factor': 4, 'input_scalars': 196608, 'semantic_symbols': 65536, 'bandwidth_ratio': 0.3333333333333333, 'compression_ratio': 3.0}"
10.0,rayleigh,32.39282279014587,0.9506255740920703,16.766948954264322,0.553176553795735,16.783151932557423,0.5470727680871884,24,5,120,"{'input_shape': (3, 256, 256), 'semantic_shape': (16, 64, 64), 'downsampling_factor': 4, 'input_scalars': 196608, 'semantic_symbols': 65536, 'bandwidth_ratio': 0.3333333333333333, 'compression_ratio': 3.0}"
15.0,rayleigh,33.640819454193114,0.9639010637998581,16.952759603659313,0.661537711819013,16.650796282291413,0.6467679819092155,24,5,120,"{'input_shape': (3, 256, 256), 'semantic_shape': (16, 64, 64), 'downsampling_factor': 4, 'input_scalars': 196608, 'semantic_symbols': 65536, 'bandwidth_ratio': 0.3333333333333333, 'compression_ratio': 3.0}"
20.0,rayleigh,34.10357371966044,0.967695277929306,16.84589050213496,0.696082369548579,17.06356773376465,0.7277205863346656,24,5,120,"{'input_shape': (3, 256, 256), 'semantic_shape': (16, 64, 64), 'downsampling_factor': 4, 'input_scalars': 196608, 'semantic_symbols': 65536, 'bandwidth_ratio': 0.3333333333333333, 'compression_ratio': 3.0}"
