snr_db,channel,deepsc_psnr,deepsc_ssim,jpeg_psnr,jpeg_ssim,bpg_psnr,bpg_ssim,samples,monte_carlo_samples,repetitions,bandwidth_estimate
-5.0,rayleigh,21.50649380683899,0.6247017835577329,11.62910391887029,0.14870843775570391,11.926458541552226,0.14880595471089084,24,5,120,"{'input_shape': (3, 256, 256), 'semantic_shape': (64, 64, 64), 'downsampling_factor': 4, 'input_scalars': 196608, 'semantic_symbols': 262144, 'bandwidth_ratio': 1.3333333333333333, 'compression_ratio': 0.75}"
0.0,rayleigh,30.23592669169108,0.9089069897929828,13.944899706045787,0.2561710501710574,13.817121664683023,0.26991436382134754,24,5,120,"{'input_shape': (3, 256, 256), 'semantic_shape': (64, 64, 64), 'downsampling_factor': 4, 'input_scalars': 196608, 'semantic_symbols': 262144, 'bandwidth_ratio': 1.3333333333333333, 'compression_ratio': 0.75}"
5.0,rayleigh,34.485963884989424,0.971150255203247,15.199848667780559,0.3983995235214631,14.218766488631566,0.39464738219976425,24,5,120,"{'input_shape': (3, 256, 256), 'semantic_shape': (64, 64, 64), 'downsampling_factor': 4, 'input_scalars': 196608, 'semantic_symbols': 262144, 'bandwidth_ratio': 1.3333333333333333, 'compression_ratio': 0.75}"
10.0,rayleigh,36.514684200286865,0.9864168321092923,16.38926464319229,0.5452109546711047,17.194131636619566,0.5573947420343757,24,5,120,"{'input_shape': (3, 256, 256), 'semantic_shape': (64, 64, 64), 'downsampling_factor': 4, 'input_scalars': 196608, 'semantic_symbols': 262144, 'bandwidth_ratio': 1.3333333333333333, 'compression_ratio': 0.75}"
15.0,rayleigh,37.36582403182983,0.9907314111789067,17.46228584051132,0.6783832181245089,18.042062040170034,0.6860288925468921,24,5,120,"{'input_shape': (3, 256, 256), 'semantic_shape': (64, 64, 64), 'downsampling_factor': 4, 'input_scalars': 196608, 'semantic_symbols': 262144, 'bandwidth_ratio': 1.3333333333333333, 'compression_ratio': 0.75}"
20.0,rayleigh,37.67548818588257,0.9920471479495366,17.854076298077903,0.7241867786894242,17.516974206765493,0.7342494648570815,24,5,120,"{'input_shape': (3, 256, 256), 'semantic_shape': (64, 64, 64), 'downsampling_factor': 4, 'input_scalars': 196608, 'semantic_symbols': 262144, 'bandwidth_ratio': 1.3333333333333333, 'compression_ratio': 0.75}"
